experiment_name,parameter_name,parameter_value,problem_seed,ga_seed,num_cities,population_size,generations,crossover_rate,mutation_rate,tournament_size,elitism,initial_best_distance,best_distance,runtime_seconds,population_evaluations
A,num_cities,20,12345,0,20,200,500,0.9,0.05,3,2,842.234788082226,470.60633957682904,2.322031000163406,100200
A,num_cities,20,12345,1,20,200,500,0.9,0.05,3,2,873.4409673026344,433.52525265070994,2.249573541805148,100200
A,num_cities,20,12345,2,20,200,500,0.9,0.05,3,2,879.5527258853507,413.8036779364985,2.3102858748752624,100200
A,num_cities,20,12345,3,20,200,500,0.9,0.05,3,2,775.1961193316527,423.7109567575706,2.361615665955469,100200
A,num_cities,20,12345,4,20,200,500,0.9,0.05,3,2,896.9857496312296,413.8036779364985,2.344110499834642,100200
A,num_cities,20,12345,5,20,200,500,0.9,0.05,3,2,873.1901989188084,423.7109567575706,2.295289875008166,100200
A,num_cities,20,12345,6,20,200,500,0.9,0.05,3,2,842.7071109042822,413.8036779364985,2.2875414160080254,100200
A,num_cities,20,12345,7,20,200,500,0.9,0.05,3,2,878.3765009201702,417.2969658658145,2.2914379169233143,100200
A,num_cities,20,12345,8,20,200,500,0.9,0.05,3,2,884.8181801997691,488.1079058697141,2.2842794999014586,100200
A,num_cities,20,12345,9,20,200,500,0.9,0.05,3,2,824.8148454171934,413.8036779364985,2.2816733750514686,100200
A,num_cities,20,12345,10,20,200,500,0.9,0.05,3,2,808.1470711284094,413.80367793649845,2.2890514580067247,100200
A,num_cities,20,12345,11,20,200,500,0.9,0.05,3,2,791.952540258277,467.2040276372489,2.2849290838930756,100200
A,num_cities,20,12345,12,20,200,500,0.9,0.05,3,2,857.1650174766008,413.80367793649845,2.291423707967624,100200
A,num_cities,20,12345,13,20,200,500,0.9,0.05,3,2,822.3504832757843,413.80367793649845,2.286814540857449,100200
A,num_cities,20,12345,14,20,200,500,0.9,0.05,3,2,856.7473534219517,413.8036779364985,2.2921554159838706,100200
A,num_cities,20,12345,15,20,200,500,0.9,0.05,3,2,799.8743560932903,462.1514935812014,2.2887524170801044,100200
A,num_cities,20,12345,16,20,200,500,0.9,0.05,3,2,844.9619435106124,413.8036779364985,2.28816454205662,100200
A,num_cities,20,12345,17,20,200,500,0.9,0.05,3,2,896.500940962826,413.8036779364985,2.3544106669723988,100200
A,num_cities,20,12345,18,20,200,500,0.9,0.05,3,2,782.8166092037952,417.29696586581457,2.303661375073716,100200
A,num_cities,20,12345,19,20,200,500,0.9,0.05,3,2,890.4183642621596,413.80367793649845,2.312118458095938,100200
A,num_cities,20,12345,20,20,200,500,0.9,0.05,3,2,832.0551150653697,413.80367793649845,2.3245437920559198,100200
A,num_cities,20,12345,21,20,200,500,0.9,0.05,3,2,835.9472145690247,417.29696586581457,2.3102869580034167,100200
A,num_cities,20,12345,22,20,200,500,0.9,0.05,3,2,827.0727122112721,413.80367793649845,2.3039237919729203,100200
A,num_cities,20,12345,23,20,200,500,0.9,0.05,3,2,873.813964594774,435.95385340492857,2.318145208992064,100200
A,num_cities,20,12345,24,20,200,500,0.9,0.05,3,2,839.7513305103338,422.5821737288169,2.3449975829571486,100200
A,num_cities,20,12345,25,20,200,500,0.9,0.05,3,2,890.5973664113451,413.8036779364985,2.3175032089930028,100200
A,num_cities,20,12345,26,20,200,500,0.9,0.05,3,2,852.5281809728295,413.80367793649845,2.3281697079073638,100200
A,num_cities,20,12345,27,20,200,500,0.9,0.05,3,2,870.345816625031,413.8036779364985,2.3264640420675278,100200
A,num_cities,20,12345,28,20,200,500,0.9,0.05,3,2,850.8674365743473,434.82814990509394,2.327822874998674,100200
A,num_cities,20,12345,29,20,200,500,0.9,0.05,3,2,773.7253687022253,417.29696586581457,2.3284327499568462,100200
A,num_cities,50,12345,0,50,200,500,0.9,0.05,3,2,2297.8901778562213,750.1411318824602,5.866337500046939,100200
A,num_cities,50,12345,1,50,200,500,0.9,0.05,3,2,2323.3984722408527,689.1878905161967,5.794912458164617,100200
A,num_cities,50,12345,2,50,200,500,0.9,0.05,3,2,2320.092018139589,710.7682816591633,5.9003575830720365,100200
A,num_cities,50,12345,3,50,200,500,0.9,0.05,3,2,2103.5346943948143,728.1738807631385,5.882368541089818,100200
A,num_cities,50,12345,4,50,200,500,0.9,0.05,3,2,2337.956501025675,703.2136935529729,5.864535625092685,100200
A,num_cities,50,12345,5,50,200,500,0.9,0.05,3,2,2368.510441666123,772.1343142692684,5.8237079998943955,100200
A,num_cities,50,12345,6,50,200,500,0.9,0.05,3,2,2320.9462424196354,743.907513674642,5.889388165902346,100200
A,num_cities,50,12345,7,50,200,500,0.9,0.05,3,2,2231.3038066511112,668.3718226992969,5.790106541942805,100200
A,num_cities,50,12345,8,50,200,500,0.9,0.05,3,2,2314.5842196241124,801.2760004682725,5.79868920892477,100200
A,num_cities,50,12345,9,50,200,500,0.9,0.05,3,2,2369.302216567302,754.9691364480101,5.8088600828778,100200
A,num_cities,50,12345,10,50,200,500,0.9,0.05,3,2,2239.6599700785896,709.0264449625192,5.788088417146355,100200
A,num_cities,50,12345,11,50,200,500,0.9,0.05,3,2,2361.2702183909523,808.4540530477976,6.107949124881998,100200
A,num_cities,50,12345,12,50,200,500,0.9,0.05,3,2,2362.7111288627325,714.555640629352,6.788962624967098,100200
A,num_cities,50,12345,13,50,200,500,0.9,0.05,3,2,2301.091540567564,782.723003803173,6.396489792037755,100200
A,num_cities,50,12345,14,50,200,500,0.9,0.05,3,2,2399.0684054539315,765.5939415028605,6.5510862078517675,100200
A,num_cities,50,12345,15,50,200,500,0.9,0.05,3,2,2338.980195855888,770.8804315088094,6.631328166928142,100200
A,num_cities,50,12345,16,50,200,500,0.9,0.05,3,2,2310.980039616743,759.5098853717462,6.276253124931827,100200
A,num_cities,50,12345,17,50,200,500,0.9,0.05,3,2,2352.811493219247,794.0665050399705,5.917282500071451,100200
A,num_cities,50,12345,18,50,200,500,0.9,0.05,3,2,2335.049375458475,766.0705115998285,5.904407999943942,100200
A,num_cities,50,12345,19,50,200,500,0.9,0.05,3,2,2259.080167041231,678.040165778793,6.1233191669452935,100200
A,num_cities,50,12345,20,50,200,500,0.9,0.05,3,2,2275.866466511292,766.8295272345362,6.012614000122994,100200
A,num_cities,50,12345,21,50,200,500,0.9,0.05,3,2,2298.116990472942,773.35995350313,6.579589208122343,100200
A,num_cities,50,12345,22,50,200,500,0.9,0.05,3,2,2315.3608966262113,749.182016104342,5.827340666903183,100200
A,num_cities,50,12345,23,50,200,500,0.9,0.05,3,2,2388.244976036584,764.87413521688,5.783347457880154,100200
A,num_cities,50,12345,24,50,200,500,0.9,0.05,3,2,2307.1623328029605,773.0011978536025,5.7907868339680135,100200
A,num_cities,50,12345,25,50,200,500,0.9,0.05,3,2,2419.894049422582,757.0677125074479,5.799717791844159,100200
A,num_cities,50,12345,26,50,200,500,0.9,0.05,3,2,2261.3218597558293,818.6085958260361,5.797187624964863,100200
A,num_cities,50,12345,27,50,200,500,0.9,0.05,3,2,2183.0437266363865,821.5537883212844,5.8096315828152,100200
A,num_cities,50,12345,28,50,200,500,0.9,0.05,3,2,2369.3785605621674,708.1027236202775,5.841076457872987,100200
A,num_cities,50,12345,29,50,200,500,0.9,0.05,3,2,2365.347653625678,808.8422369821262,5.8322435829322785,100200
A,num_cities,100,12345,0,100,200,500,0.9,0.05,3,2,4529.5478758826075,1147.317998618099,14.008515999885276,100200
A,num_cities,100,12345,1,100,200,500,0.9,0.05,3,2,4588.997090642878,1212.8234934507288,14.03787229093723,100200
A,num_cities,100,12345,2,100,200,500,0.9,0.05,3,2,4590.216994588424,1306.0742459861222,14.093153499998152,100200
A,num_cities,100,12345,3,100,200,500,0.9,0.05,3,2,4645.77368306292,1221.68076525739,14.192353333113715,100200
A,num_cities,100,12345,4,100,200,500,0.9,0.05,3,2,4688.922178018473,1173.1285762220307,14.065183208091184,100200
A,num_cities,100,12345,5,100,200,500,0.9,0.05,3,2,4660.497096061151,1203.7247051086974,14.233235541032627,100200
A,num_cities,100,12345,6,100,200,500,0.9,0.05,3,2,4546.094041483779,1078.032156889505,14.09458916587755,100200
A,num_cities,100,12345,7,100,200,500,0.9,0.05,3,2,4616.769225606492,1132.742321979342,14.047795249847695,100200
A,num_cities,100,12345,8,100,200,500,0.9,0.05,3,2,4653.960682687811,1232.2777498007863,14.06761912512593,100200
A,num_cities,100,12345,9,100,200,500,0.9,0.05,3,2,4726.6016869939685,1279.7356734262273,14.080558041110635,100200
A,num_cities,100,12345,10,100,200,500,0.9,0.05,3,2,4469.539661666806,1244.8222709067463,14.066592584131286,100200
A,num_cities,100,12345,11,100,200,500,0.9,0.05,3,2,4676.276697953026,1253.0115434347276,14.195347625063732,100200
A,num_cities,100,12345,12,100,200,500,0.9,0.05,3,2,4572.115531862366,1108.3125208148567,14.09040395799093,100200
A,num_cities,100,12345,13,100,200,500,0.9,0.05,3,2,4706.354888562819,1074.8818950189668,14.082216958981007,100200
A,num_cities,100,12345,14,100,200,500,0.9,0.05,3,2,4639.932751493676,1238.7816234968639,14.093296208884567,100200
A,num_cities,100,12345,15,100,200,500,0.9,0.05,3,2,4638.952617333661,1264.7171599261505,14.0181033750996,100200
A,num_cities,100,12345,16,100,200,500,0.9,0.05,3,2,4713.435171920668,1132.4187468793307,14.052212207810953,100200
A,num_cities,100,12345,17,100,200,500,0.9,0.05,3,2,4729.391572441038,1209.5307380462434,14.054517667042091,100200
A,num_cities,100,12345,18,100,200,500,0.9,0.05,3,2,4535.242456238423,1208.9343785148685,14.037494500167668,100200
A,num_cities,100,12345,19,100,200,500,0.9,0.05,3,2,4633.657296653387,1180.5525430373198,14.057153166970238,100200
A,num_cities,100,12345,20,100,200,500,0.9,0.05,3,2,4560.522374964512,1213.9831361146425,14.041732042096555,100200
A,num_cities,100,12345,21,100,200,500,0.9,0.05,3,2,4692.042879532596,1143.2274643241292,14.037311542080715,100200
A,num_cities,100,12345,22,100,200,500,0.9,0.05,3,2,4606.082192086644,1221.3271819127422,14.062395042041317,100200
A,num_cities,100,12345,23,100,200,500,0.9,0.05,3,2,4710.690662181676,1234.4726479890749,14.032037916127592,100200
A,num_cities,100,12345,24,100,200,500,0.9,0.05,3,2,4633.320071207323,1153.0647970895234,14.033302708063275,100200
A,num_cities,100,12345,25,100,200,500,0.9,0.05,3,2,4658.091712175382,1175.8096893508596,14.042152207810432,100200
A,num_cities,100,12345,26,100,200,500,0.9,0.05,3,2,4647.576853942574,1068.9764352927245,14.050901665817946,100200
A,num_cities,100,12345,27,100,200,500,0.9,0.05,3,2,4646.079593948098,1206.8125708412908,14.084910209057853,100200
A,num_cities,100,12345,28,100,200,500,0.9,0.05,3,2,4590.250538483747,1170.8038984304617,14.11520962510258,100200
A,num_cities,100,12345,29,100,200,500,0.9,0.05,3,2,4516.280439062984,1139.0141633214494,14.033317915862426,100200
A,num_cities,200,12345,0,200,200,500,0.9,0.05,3,2,9903.155086849903,2570.3212551640913,36.924994917120785,100200
A,num_cities,200,12345,1,200,200,500,0.9,0.05,3,2,9762.435629406462,2520.212997237473,36.90720404102467,100200
A,num_cities,200,12345,2,200,200,500,0.9,0.05,3,2,9579.713272232335,2885.5726979084325,37.05188174988143,100200
A,num_cities,200,12345,3,200,200,500,0.9,0.05,3,2,9566.838115181752,2508.8423626681515,37.13021262502298,100200
A,num_cities,200,12345,4,200,200,500,0.9,0.05,3,2,9651.796781843026,2604.7775778549817,37.105358666041866,100200
A,num_cities,200,12345,5,200,200,500,0.9,0.05,3,2,9725.752317069679,2773.5044963803157,37.12515575019643,100200
A,num_cities,200,12345,6,200,200,500,0.9,0.05,3,2,9447.88984414333,2480.2858623249845,37.10350174992345,100200
A,num_cities,200,12345,7,200,200,500,0.9,0.05,3,2,9756.170990640283,2703.1072391817765,37.13406195794232,100200
A,num_cities,200,12345,8,200,200,500,0.9,0.05,3,2,9621.761705487974,2736.4652300357543,37.211590291932225,100200
A,num_cities,200,12345,9,200,200,500,0.9,0.05,3,2,9534.694926752827,2765.1849603823407,37.12718162499368,100200
A,num_cities,200,12345,10,200,200,500,0.9,0.05,3,2,9541.392892557262,2632.961822698659,37.067979250103235,100200
A,num_cities,200,12345,11,200,200,500,0.9,0.05,3,2,9565.845091277735,2749.6060443898346,37.07242937502451,100200
A,num_cities,200,12345,12,200,200,500,0.9,0.05,3,2,9464.515504480052,2529.0131007872105,37.06045191595331,100200
A,num_cities,200,12345,13,200,200,500,0.9,0.05,3,2,9725.128351415002,2601.645318474954,37.05372020904906,100200
A,num_cities,200,12345,14,200,200,500,0.9,0.05,3,2,9778.204652431396,2716.8522700029885,37.12897974997759,100200
A,num_cities,200,12345,15,200,200,500,0.9,0.05,3,2,9525.186182300724,2606.124477504919,36.99756995821372,100200
A,num_cities,200,12345,16,200,200,500,0.9,0.05,3,2,9713.22087119389,2431.0971584688787,37.46579591697082,100200
A,num_cities,200,12345,17,200,200,500,0.9,0.05,3,2,9568.474579942016,2669.373393049499,37.18549383385107,100200
A,num_cities,200,12345,18,200,200,500,0.9,0.05,3,2,9690.92499702618,2687.5819206048122,37.074156583985314,100200
A,num_cities,200,12345,19,200,200,500,0.9,0.05,3,2,9655.446325571302,2605.59405539913,37.14978762506507,100200
A,num_cities,200,12345,20,200,200,500,0.9,0.05,3,2,9870.351899160429,2520.390388403783,37.09950699983165,100200
A,num_cities,200,12345,21,200,200,500,0.9,0.05,3,2,9505.19972905181,2589.723397269872,37.12554879207164,100200
A,num_cities,200,12345,22,200,200,500,0.9,0.05,3,2,9373.655516744344,2631.3024570722605,37.14980479213409,100200
A,num_cities,200,12345,23,200,200,500,0.9,0.05,3,2,9556.442673413367,2729.2524483347297,37.00143966707401,100200
A,num_cities,200,12345,24,200,200,500,0.9,0.05,3,2,9746.724756969003,2590.9511693414374,37.19272662489675,100200
A,num_cities,200,12345,25,200,200,500,0.9,0.05,3,2,9793.390287219076,2414.8346901995333,37.217215250013396,100200
A,num_cities,200,12345,26,200,200,500,0.9,0.05,3,2,9973.863637476266,2659.467095803075,37.10363724990748,100200
A,num_cities,200,12345,27,200,200,500,0.9,0.05,3,2,9591.25952561498,2739.5227314298154,37.1552852911409,100200
A,num_cities,200,12345,28,200,200,500,0.9,0.05,3,2,9778.15682620176,2508.640563096022,37.010257417103276,100200
A,num_cities,200,12345,29,200,200,500,0.9,0.05,3,2,9449.18842246511,2640.2572248915967,37.10888179112226,100200
A,num_cities,500,12345,0,500,200,500,0.9,0.05,3,2,25336.06311487402,10440.62238517366,178.1804587910883,100200
A,num_cities,500,12345,1,500,200,500,0.9,0.05,3,2,25359.85033757292,10272.258021366524,178.09800983290188,100200
A,num_cities,500,12345,2,500,200,500,0.9,0.05,3,2,25459.633085917914,10042.000669007552,178.38514854200184,100200
A,num_cities,500,12345,3,500,200,500,0.9,0.05,3,2,25210.60020607921,10353.92249926384,178.26294116699137,100200
A,num_cities,500,12345,4,500,200,500,0.9,0.05,3,2,25176.950015734656,10060.884331300407,178.67425370798446,100200
A,num_cities,500,12345,5,500,200,500,0.9,0.05,3,2,25335.95299646859,9905.198224254647,178.2823377919849,100200
A,num_cities,500,12345,6,500,200,500,0.9,0.05,3,2,25381.608407571657,10117.430725793016,178.4467437909916,100200
A,num_cities,500,12345,7,500,200,500,0.9,0.05,3,2,25285.57211218004,10162.352500604557,178.68697804096155,100200
A,num_cities,500,12345,8,500,200,500,0.9,0.05,3,2,25265.310103397573,10038.12376772437,178.482074333122,100200
A,num_cities,500,12345,9,500,200,500,0.9,0.05,3,2,24967.695494456137,9855.480398104715,178.62798991706222,100200
A,num_cities,500,12345,10,500,200,500,0.9,0.05,3,2,25116.69708593822,9966.487037050854,178.06738537503406,100200
A,num_cities,500,12345,11,500,200,500,0.9,0.05,3,2,25011.541476676164,10295.879169403346,178.50708329188637,100200
A,num_cities,500,12345,12,500,200,500,0.9,0.05,3,2,24868.471279304493,10371.853554269259,177.9721778749954,100200
A,num_cities,500,12345,13,500,200,500,0.9,0.05,3,2,24867.771766671896,10136.2286833161,178.55867995787412,100200
A,num_cities,500,12345,14,500,200,500,0.9,0.05,3,2,25556.627379423837,10370.491181846815,179.06420879089274,100200
A,num_cities,500,12345,15,500,200,500,0.9,0.05,3,2,25374.06951130711,10107.9808365504,178.1602769170422,100200
A,num_cities,500,12345,16,500,200,500,0.9,0.05,3,2,25335.244418109458,10038.843907541057,178.85959737515077,100200
A,num_cities,500,12345,17,500,200,500,0.9,0.05,3,2,25231.29314991536,9877.74067593829,178.50767474994063,100200
A,num_cities,500,12345,18,500,200,500,0.9,0.05,3,2,25041.034666188574,9816.950827111834,178.3640532081481,100200
A,num_cities,500,12345,19,500,200,500,0.9,0.05,3,2,25270.729620350074,9876.731590641622,178.56707487511449,100200
A,num_cities,500,12345,20,500,200,500,0.9,0.05,3,2,25326.717258558423,10370.66510574496,178.64115883293562,100200
A,num_cities,500,12345,21,500,200,500,0.9,0.05,3,2,24995.02791471521,10249.499565725024,178.6062404999975,100200
A,num_cities,500,12345,22,500,200,500,0.9,0.05,3,2,25535.142474791326,10062.483641647214,179.33605308411643,100200
A,num_cities,500,12345,23,500,200,500,0.9,0.05,3,2,25535.84058728657,9827.905633773007,178.52295166696422,100200
A,num_cities,500,12345,24,500,200,500,0.9,0.05,3,2,25012.62872207964,10089.390141170226,178.76393320807256,100200
A,num_cities,500,12345,25,500,200,500,0.9,0.05,3,2,25262.901825220626,9959.446425509987,178.76864675013348,100200
A,num_cities,500,12345,26,500,200,500,0.9,0.05,3,2,25265.450589701304,10382.00879970528,178.71137495804578,100200
A,num_cities,500,12345,27,500,200,500,0.9,0.05,3,2,25090.709162892254,10344.50475996595,179.29032266698778,100200
A,num_cities,500,12345,28,500,200,500,0.9,0.05,3,2,25531.993873263596,10095.675546808296,179.14733175002038,100200
A,num_cities,500,12345,29,500,200,500,0.9,0.05,3,2,24910.563445179963,10149.617289073802,178.88884745794348,100200
