experiment_name,parameter_name,parameter_value,problem_seed,ga_seed,num_cities,population_size,generations,crossover_rate,mutation_rate,tournament_size,elitism,initial_best_distance,best_distance,runtime_seconds,population_evaluations
C,generations,50,12345,0,50,200,50,0.9,0.05,3,2,2297.8901778562213,1151.5944693777606,0.7664690999954473,10200
C,generations,50,12345,1,50,200,50,0.9,0.05,3,2,2323.3984722408527,1095.8303845676649,0.7369913000002271,10200
C,generations,50,12345,2,50,200,50,0.9,0.05,3,2,2320.092018139589,1145.9997427265776,0.7355620000016643,10200
C,generations,50,12345,3,50,200,50,0.9,0.05,3,2,2103.5346943948143,1081.3091947907276,0.7405433999956585,10200
C,generations,50,12345,4,50,200,50,0.9,0.05,3,2,2337.956501025675,1179.760280911989,0.7366868000099203,10200
C,generations,50,12345,5,50,200,50,0.9,0.05,3,2,2368.510441666123,1157.4977178258557,0.7296243000018876,10200
C,generations,50,12345,6,50,200,50,0.9,0.05,3,2,2320.9462424196354,1190.4979094984353,0.7309519999980694,10200
C,generations,50,12345,7,50,200,50,0.9,0.05,3,2,2231.3038066511112,1090.4615540528885,0.7332023000053596,10200
C,generations,50,12345,8,50,200,50,0.9,0.05,3,2,2314.5842196241124,1102.2855466885587,0.7419851000013296,10200
C,generations,50,12345,9,50,200,50,0.9,0.05,3,2,2369.302216567302,1107.2688427029511,0.733360599988373,10200
C,generations,50,12345,10,50,200,50,0.9,0.05,3,2,2239.6599700785896,1322.9929639967736,0.7299796000006609,10200
C,generations,50,12345,11,50,200,50,0.9,0.05,3,2,2361.2702183909523,1210.2127186799576,0.7310691999882692,10200
C,generations,50,12345,12,50,200,50,0.9,0.05,3,2,2362.7111288627325,1121.3472648639015,0.7340933000086807,10200
C,generations,50,12345,13,50,200,50,0.9,0.05,3,2,2301.091540567564,1169.350874307976,0.7299887999979546,10200
C,generations,50,12345,14,50,200,50,0.9,0.05,3,2,2399.0684054539315,1102.2740052212253,0.727737100009108,10200
C,generations,50,12345,15,50,200,50,0.9,0.05,3,2,2338.980195855888,1206.1544483545383,0.7458932000008645,10200
C,generations,50,12345,16,50,200,50,0.9,0.05,3,2,2310.980039616743,1024.022385324714,0.7291931999934604,10200
C,generations,50,12345,17,50,200,50,0.9,0.05,3,2,2352.811493219247,1096.304468463566,0.730274699992151,10200
C,generations,50,12345,18,50,200,50,0.9,0.05,3,2,2335.049375458475,1072.9170640555776,0.731270600008429,10200
C,generations,50,12345,19,50,200,50,0.9,0.05,3,2,2259.080167041231,1130.238966770993,0.7396601000073133,10200
C,generations,50,12345,20,50,200,50,0.9,0.05,3,2,2275.866466511292,1270.2165604790575,0.7285125999915181,10200
C,generations,50,12345,21,50,200,50,0.9,0.05,3,2,2298.116990472942,1205.9713632057837,0.7272908000013558,10200
C,generations,50,12345,22,50,200,50,0.9,0.05,3,2,2315.3608966262113,1174.8914899782935,0.7325427000032505,10200
C,generations,50,12345,23,50,200,50,0.9,0.05,3,2,2388.244976036584,1186.3278139594247,0.7442906999931438,10200
C,generations,50,12345,24,50,200,50,0.9,0.05,3,2,2307.1623328029605,1160.3358643386046,0.7310576000018045,10200
C,generations,50,12345,25,50,200,50,0.9,0.05,3,2,2419.894049422582,1114.2799052547057,0.7298948999959975,10200
C,generations,50,12345,26,50,200,50,0.9,0.05,3,2,2261.3218597558293,1092.3104045111752,0.7308589000022039,10200
C,generations,50,12345,27,50,200,50,0.9,0.05,3,2,2183.0437266363865,1157.212740308427,0.726273799999035,10200
C,generations,50,12345,28,50,200,50,0.9,0.05,3,2,2369.3785605621674,1069.7962295109282,0.7377057999983663,10200
C,generations,50,12345,29,50,200,50,0.9,0.05,3,2,2365.347653625678,1160.6382508733782,0.7358387999993283,10200
C,generations,100,12345,0,50,200,100,0.9,0.05,3,2,2297.8901778562213,846.8904392486866,1.4616316000028746,20200
C,generations,100,12345,1,50,200,100,0.9,0.05,3,2,2323.3984722408527,772.5871910525384,1.4612137999938568,20200
C,generations,100,12345,2,50,200,100,0.9,0.05,3,2,2320.092018139589,804.8864513964984,1.4724138999881689,20200
C,generations,100,12345,3,50,200,100,0.9,0.05,3,2,2103.5346943948143,881.1976471613158,1.4680418999923859,20200
C,generations,100,12345,4,50,200,100,0.9,0.05,3,2,2337.956501025675,843.3907572477866,1.482844500002102,20200
C,generations,100,12345,5,50,200,100,0.9,0.05,3,2,2368.510441666123,907.1172339728231,1.517995999995037,20200
C,generations,100,12345,6,50,200,100,0.9,0.05,3,2,2320.9462424196354,830.4220906415061,1.491900799999712,20200
C,generations,100,12345,7,50,200,100,0.9,0.05,3,2,2231.3038066511112,804.4621216691494,1.483601700005238,20200
C,generations,100,12345,8,50,200,100,0.9,0.05,3,2,2314.5842196241124,892.1152733582708,1.503917800000636,20200
C,generations,100,12345,9,50,200,100,0.9,0.05,3,2,2369.302216567302,928.5161363048597,1.473451899990323,20200
C,generations,100,12345,10,50,200,100,0.9,0.05,3,2,2239.6599700785896,966.795620985134,1.4634821000072407,20200
C,generations,100,12345,11,50,200,100,0.9,0.05,3,2,2361.2702183909523,965.3598288450792,1.4572142999968491,20200
C,generations,100,12345,12,50,200,100,0.9,0.05,3,2,2362.7111288627325,842.7833143298672,1.4580767000006745,20200
C,generations,100,12345,13,50,200,100,0.9,0.05,3,2,2301.091540567564,908.9853614461854,1.460278600003221,20200
C,generations,100,12345,14,50,200,100,0.9,0.05,3,2,2399.0684054539315,851.8286729669882,1.4539626000041608,20200
C,generations,100,12345,15,50,200,100,0.9,0.05,3,2,2338.980195855888,873.928404956491,1.4718252000020584,20200
C,generations,100,12345,16,50,200,100,0.9,0.05,3,2,2310.980039616743,812.688292111439,1.4617854000098305,20200
C,generations,100,12345,17,50,200,100,0.9,0.05,3,2,2352.811493219247,908.8578965861501,1.4603711999952793,20200
C,generations,100,12345,18,50,200,100,0.9,0.05,3,2,2335.049375458475,851.5314891865587,1.4609210999915376,20200
C,generations,100,12345,19,50,200,100,0.9,0.05,3,2,2259.080167041231,810.0889708897151,1.4614482000033604,20200
C,generations,100,12345,20,50,200,100,0.9,0.05,3,2,2275.866466511292,1056.7512367261538,1.453908199997386,20200
C,generations,100,12345,21,50,200,100,0.9,0.05,3,2,2298.116990472942,895.0273747103842,1.467564599995967,20200
C,generations,100,12345,22,50,200,100,0.9,0.05,3,2,2315.3608966262113,893.0162187710458,1.4574245999974664,20200
C,generations,100,12345,23,50,200,100,0.9,0.05,3,2,2388.244976036584,829.7785559038947,1.4564611999958288,20200
C,generations,100,12345,24,50,200,100,0.9,0.05,3,2,2307.1623328029605,866.2185273241108,1.4524978000117699,20200
C,generations,100,12345,25,50,200,100,0.9,0.05,3,2,2419.894049422582,846.2150966436577,1.5568850999989081,20200
C,generations,100,12345,26,50,200,100,0.9,0.05,3,2,2261.3218597558293,906.2139133583481,1.524020400000154,20200
C,generations,100,12345,27,50,200,100,0.9,0.05,3,2,2183.0437266363865,922.967968166279,1.4985513999999966,20200
C,generations,100,12345,28,50,200,100,0.9,0.05,3,2,2369.3785605621674,873.0271005752327,1.5040462000033585,20200
C,generations,100,12345,29,50,200,100,0.9,0.05,3,2,2365.347653625678,862.8438422284761,1.5022958000045037,20200
C,generations,200,12345,0,50,200,200,0.9,0.05,3,2,2297.8901778562213,764.8887885654553,2.997921200003475,40200
C,generations,200,12345,1,50,200,200,0.9,0.05,3,2,2323.3984722408527,700.8208188682717,3.0226372000033734,40200
C,generations,200,12345,2,50,200,200,0.9,0.05,3,2,2320.092018139589,757.7221943337942,2.9972753999900306,40200
C,generations,200,12345,3,50,200,200,0.9,0.05,3,2,2103.5346943948143,751.7784531907565,2.97331370000029,40200
C,generations,200,12345,4,50,200,200,0.9,0.05,3,2,2337.956501025675,710.2687664624913,3.001386599993566,40200
C,generations,200,12345,5,50,200,200,0.9,0.05,3,2,2368.510441666123,809.1501803804092,2.974757600008161,40200
C,generations,200,12345,6,50,200,200,0.9,0.05,3,2,2320.9462424196354,748.5727539782796,3.0671069999953033,40200
C,generations,200,12345,7,50,200,200,0.9,0.05,3,2,2231.3038066511112,688.567988657382,2.99589879999985,40200
C,generations,200,12345,8,50,200,200,0.9,0.05,3,2,2314.5842196241124,817.2927591281739,2.907092299996293,40200
C,generations,200,12345,9,50,200,200,0.9,0.05,3,2,2369.302216567302,783.2008186172578,2.905896899988875,40200
C,generations,200,12345,10,50,200,200,0.9,0.05,3,2,2239.6599700785896,745.3002782861785,2.9110378000041237,40200
C,generations,200,12345,11,50,200,200,0.9,0.05,3,2,2361.2702183909523,853.8072077842909,2.9009791999997105,40200
C,generations,200,12345,12,50,200,200,0.9,0.05,3,2,2362.7111288627325,728.6257966638663,2.904608400000143,40200
C,generations,200,12345,13,50,200,200,0.9,0.05,3,2,2301.091540567564,796.560924154004,3.038600599989877,40200
C,generations,200,12345,14,50,200,200,0.9,0.05,3,2,2399.0684054539315,773.971330024394,3.0029230000072857,40200
C,generations,200,12345,15,50,200,200,0.9,0.05,3,2,2338.980195855888,833.2228415214586,3.0267428000079235,40200
C,generations,200,12345,16,50,200,200,0.9,0.05,3,2,2310.980039616743,777.9158336663857,2.9837277000042377,40200
C,generations,200,12345,17,50,200,200,0.9,0.05,3,2,2352.811493219247,822.994677605857,3.2221144000068307,40200
C,generations,200,12345,18,50,200,200,0.9,0.05,3,2,2335.049375458475,819.7150183110845,3.23660450000898,40200
C,generations,200,12345,19,50,200,200,0.9,0.05,3,2,2259.080167041231,729.6715204150424,3.0219013999885647,40200
C,generations,200,12345,20,50,200,200,0.9,0.05,3,2,2275.866466511292,849.5993092361803,3.048386099995696,40200
C,generations,200,12345,21,50,200,200,0.9,0.05,3,2,2298.116990472942,811.5409891850303,2.7778022999991663,40200
C,generations,200,12345,22,50,200,200,0.9,0.05,3,2,2315.3608966262113,780.3367476491478,3.0979815000027884,40200
C,generations,200,12345,23,50,200,200,0.9,0.05,3,2,2388.244976036584,799.574309659916,2.9088773999974364,40200
C,generations,200,12345,24,50,200,200,0.9,0.05,3,2,2307.1623328029605,773.0011978536025,2.8974756999959936,40200
C,generations,200,12345,25,50,200,200,0.9,0.05,3,2,2419.894049422582,779.1425681728346,3.0234936000051675,40200
C,generations,200,12345,26,50,200,200,0.9,0.05,3,2,2261.3218597558293,830.1962425049679,3.0371126999962144,40200
C,generations,200,12345,27,50,200,200,0.9,0.05,3,2,2183.0437266363865,861.0878877916682,3.13336760000675,40200
C,generations,200,12345,28,50,200,200,0.9,0.05,3,2,2369.3785605621674,729.7435615549672,2.9009196999977576,40200
C,generations,200,12345,29,50,200,200,0.9,0.05,3,2,2365.347653625678,819.5513070463089,2.909654800008866,40200
C,generations,500,12345,0,50,200,500,0.9,0.05,3,2,2297.8901778562213,750.1411318824602,7.25680880001164,100200
C,generations,500,12345,1,50,200,500,0.9,0.05,3,2,2323.3984722408527,689.1878905161967,7.270557399999234,100200
C,generations,500,12345,2,50,200,500,0.9,0.05,3,2,2320.092018139589,710.7682816591633,7.260626700008288,100200
C,generations,500,12345,3,50,200,500,0.9,0.05,3,2,2103.5346943948143,728.1738807631385,7.266925999996602,100200
C,generations,500,12345,4,50,200,500,0.9,0.05,3,2,2337.956501025675,703.2136935529729,7.238878100004513,100200
C,generations,500,12345,5,50,200,500,0.9,0.05,3,2,2368.510441666123,772.1343142692684,7.247013400003198,100200
C,generations,500,12345,6,50,200,500,0.9,0.05,3,2,2320.9462424196354,743.907513674642,7.2201681999868015,100200
C,generations,500,12345,7,50,200,500,0.9,0.05,3,2,2231.3038066511112,668.3718226992969,7.252128899999661,100200
C,generations,500,12345,8,50,200,500,0.9,0.05,3,2,2314.5842196241124,801.2760004682725,7.27833840000676,100200
C,generations,500,12345,9,50,200,500,0.9,0.05,3,2,2369.302216567302,754.9691364480101,7.530691100007971,100200
C,generations,500,12345,10,50,200,500,0.9,0.05,3,2,2239.6599700785896,709.0264449625192,7.226971099997172,100200
C,generations,500,12345,11,50,200,500,0.9,0.05,3,2,2361.2702183909523,808.4540530477976,7.245407199996407,100200
C,generations,500,12345,12,50,200,500,0.9,0.05,3,2,2362.7111288627325,714.555640629352,7.217867500003194,100200
C,generations,500,12345,13,50,200,500,0.9,0.05,3,2,2301.091540567564,782.723003803173,7.248922500002664,100200
C,generations,500,12345,14,50,200,500,0.9,0.05,3,2,2399.0684054539315,765.5939415028605,7.22422240000742,100200
C,generations,500,12345,15,50,200,500,0.9,0.05,3,2,2338.980195855888,770.8804315088094,7.228930000012042,100200
C,generations,500,12345,16,50,200,500,0.9,0.05,3,2,2310.980039616743,759.5098853717462,7.23576189999585,100200
C,generations,500,12345,17,50,200,500,0.9,0.05,3,2,2352.811493219247,794.0665050399705,7.226493000009214,100200
C,generations,500,12345,18,50,200,500,0.9,0.05,3,2,2335.049375458475,766.0705115998285,7.261809799994808,100200
C,generations,500,12345,19,50,200,500,0.9,0.05,3,2,2259.080167041231,678.040165778793,7.242681200004881,100200
C,generations,500,12345,20,50,200,500,0.9,0.05,3,2,2275.866466511292,766.8295272345362,7.245859799993923,100200
C,generations,500,12345,21,50,200,500,0.9,0.05,3,2,2298.116990472942,773.35995350313,7.271990699999151,100200
C,generations,500,12345,22,50,200,500,0.9,0.05,3,2,2315.3608966262113,749.182016104342,7.277811199994176,100200
C,generations,500,12345,23,50,200,500,0.9,0.05,3,2,2388.244976036584,764.87413521688,7.22370069999306,100200
C,generations,500,12345,24,50,200,500,0.9,0.05,3,2,2307.1623328029605,773.0011978536025,7.243839199989452,100200
C,generations,500,12345,25,50,200,500,0.9,0.05,3,2,2419.894049422582,757.0677125074479,7.246880700011388,100200
C,generations,500,12345,26,50,200,500,0.9,0.05,3,2,2261.3218597558293,818.6085958260361,7.237856399995508,100200
C,generations,500,12345,27,50,200,500,0.9,0.05,3,2,2183.0437266363865,821.5537883212844,7.231500699999742,100200
C,generations,500,12345,28,50,200,500,0.9,0.05,3,2,2369.3785605621674,708.1027236202775,7.22263629999361,100200
C,generations,500,12345,29,50,200,500,0.9,0.05,3,2,2365.347653625678,808.8422369821262,7.24888290000672,100200
C,generations,1000,12345,0,50,200,1000,0.9,0.05,3,2,2297.8901778562213,736.6023400914215,14.463422499989974,200200
C,generations,1000,12345,1,50,200,1000,0.9,0.05,3,2,2323.3984722408527,689.1878905161967,14.443248000010499,200200
C,generations,1000,12345,2,50,200,1000,0.9,0.05,3,2,2320.092018139589,700.1490169069541,14.435715500003425,200200
C,generations,1000,12345,3,50,200,1000,0.9,0.05,3,2,2103.5346943948143,721.268226282766,14.47066160000395,200200
C,generations,1000,12345,4,50,200,1000,0.9,0.05,3,2,2337.956501025675,703.2136935529729,14.445610200011288,200200
C,generations,1000,12345,5,50,200,1000,0.9,0.05,3,2,2368.510441666123,772.1343142692684,14.495935599989025,200200
C,generations,1000,12345,6,50,200,1000,0.9,0.05,3,2,2320.9462424196354,723.2631750116692,14.467666500000632,200200
C,generations,1000,12345,7,50,200,1000,0.9,0.05,3,2,2231.3038066511112,667.2061828971688,14.452392999999574,200200
C,generations,1000,12345,8,50,200,1000,0.9,0.05,3,2,2314.5842196241124,798.951889339052,14.443815600010566,200200
C,generations,1000,12345,9,50,200,1000,0.9,0.05,3,2,2369.302216567302,745.1348698985782,14.47198390000267,200200
C,generations,1000,12345,10,50,200,1000,0.9,0.05,3,2,2239.6599700785896,703.0946599041259,14.470541300004697,200200
C,generations,1000,12345,11,50,200,1000,0.9,0.05,3,2,2361.2702183909523,799.9611427819196,14.46437010000227,200200
C,generations,1000,12345,12,50,200,1000,0.9,0.05,3,2,2362.7111288627325,699.3221039104202,14.452284900005907,200200
C,generations,1000,12345,13,50,200,1000,0.9,0.05,3,2,2301.091540567564,782.723003803173,14.448289699997986,200200
C,generations,1000,12345,14,50,200,1000,0.9,0.05,3,2,2399.0684054539315,751.7673000352826,14.453685500004212,200200
C,generations,1000,12345,15,50,200,1000,0.9,0.05,3,2,2338.980195855888,731.5419990669592,14.444969999996829,200200
C,generations,1000,12345,16,50,200,1000,0.9,0.05,3,2,2310.980039616743,759.5098853717462,14.480588100006571,200200
C,generations,1000,12345,17,50,200,1000,0.9,0.05,3,2,2352.811493219247,794.0665050399705,14.478532000008272,200200
C,generations,1000,12345,18,50,200,1000,0.9,0.05,3,2,2335.049375458475,726.9026518236404,14.459245599995484,200200
C,generations,1000,12345,19,50,200,1000,0.9,0.05,3,2,2259.080167041231,669.0030078910697,14.531573300002492,200200
C,generations,1000,12345,20,50,200,1000,0.9,0.05,3,2,2275.866466511292,715.9036545832226,14.45213779999176,200200
C,generations,1000,12345,21,50,200,1000,0.9,0.05,3,2,2298.116990472942,773.35995350313,14.458370899999863,200200
C,generations,1000,12345,22,50,200,1000,0.9,0.05,3,2,2315.3608966262113,749.182016104342,14.448583900011727,200200
C,generations,1000,12345,23,50,200,1000,0.9,0.05,3,2,2388.244976036584,727.1879989707367,14.46846600000572,200200
C,generations,1000,12345,24,50,200,1000,0.9,0.05,3,2,2307.1623328029605,764.4692433366625,14.44116380000196,200200
C,generations,1000,12345,25,50,200,1000,0.9,0.05,3,2,2419.894049422582,725.0497725328848,14.45743379999476,200200
C,generations,1000,12345,26,50,200,1000,0.9,0.05,3,2,2261.3218597558293,751.460265445163,14.476205400002073,200200
C,generations,1000,12345,27,50,200,1000,0.9,0.05,3,2,2183.0437266363865,821.5537883212844,14.44768219999969,200200
C,generations,1000,12345,28,50,200,1000,0.9,0.05,3,2,2369.3785605621674,708.1027236202775,14.461209899993264,200200
C,generations,1000,12345,29,50,200,1000,0.9,0.05,3,2,2365.347653625678,808.8422369821262,14.46596679999493,200200
