experiment_name, parameter_name , parameter_value, problem_seed, ga_seed, num_cities, population_size, generations, crossover_rate, mutation_rate, tournament_size, elitism, initial_best_distance, best_distance     , runtime_seconds    , population_evaluations
B              , population_size,              50,        12345,       0,         50,              50,         500,            0.9,          0.05,               3,       2,    2471.214752667602 ,  998.2476403267922,  4.149936763977166 ,                  25050
B              , population_size,              50,        12345,       1,         50,              50,         500,            0.9,          0.05,               3,       2,    2413.0667296043935,  928.5190910558006,  3.9366321570123546,                  25050
B              , population_size,              50,        12345,       2,         50,              50,         500,            0.9,          0.05,               3,       2,    2441.682705641725 ,  961.300872516717 ,  4.516454627970234 ,                  25050
B              , population_size,              50,        12345,       3,         50,              50,         500,            0.9,          0.05,               3,       2,    2103.5346943948143,  966.7709566891767,  4.397390468046069 ,                  25050
B              , population_size,              50,        12345,       4,         50,              50,         500,            0.9,          0.05,               3,       2,    2422.596103604971 ,  926.4165684492964,  4.087868708011229 ,                  25050
B              , population_size,              50,        12345,       5,         50,              50,         500,            0.9,          0.05,               3,       2,    2368.510441666123 , 1005.7661931918095,  3.990127805969678 ,                  25050
B              , population_size,              50,        12345,       6,         50,              50,         500,            0.9,          0.05,               3,       2,    2320.9462424196354,  921.065785472782 ,  3.9588696980499662,                  25050
B              , population_size,              50,        12345,       7,         50,              50,         500,            0.9,          0.05,               3,       2,    2477.834492150992 ,  962.6838316157468,  3.953417855023872 ,                  25050
B              , population_size,              50,        12345,       8,         50,              50,         500,            0.9,          0.05,               3,       2,    2337.976932915278 ,  998.1435094176765,  4.062336502014659 ,                  25050
B              , population_size,              50,        12345,       9,         50,              50,         500,            0.9,          0.05,               3,       2,    2369.302216567302 ,  926.1539698794548,  4.215166206005961 ,                  25050
B              , population_size,              50,        12345,      10,         50,              50,         500,            0.9,          0.05,               3,       2,    2365.6435080710144,  961.4387415499549,  4.042876806983259 ,                  25050
B              , population_size,              50,        12345,      11,         50,              50,         500,            0.9,          0.05,               3,       2,    2419.140917621903 , 1067.7695603172865,  4.050284088996705 ,                  25050
B              , population_size,              50,        12345,      12,         50,              50,         500,            0.9,          0.05,               3,       2,    2362.7111288627325,  901.5185253586474,  3.9718466509948485,                  25050
B              , population_size,              50,        12345,      13,         50,              50,         500,            0.9,          0.05,               3,       2,    2354.356341921954 ,  947.1765865703524,  3.9399361989926547,                  25050
B              , population_size,              50,        12345,      14,         50,              50,         500,            0.9,          0.05,               3,       2,    2451.2009217665463,  954.0282982628263,  3.9265551359858364,                  25050
B              , population_size,              50,        12345,      15,         50,              50,         500,            0.9,          0.05,               3,       2,    2441.023745602579 , 1061.2078042214296,  3.9830706940265372,                  25050
B              , population_size,              50,        12345,      16,         50,              50,         500,            0.9,          0.05,               3,       2,    2310.980039616743 , 1113.493974806572 ,  4.1968288630014285,                  25050
B              , population_size,              50,        12345,      17,         50,              50,         500,            0.9,          0.05,               3,       2,    2507.183345726535 ,  992.0801152124224,  3.97287396597676  ,                  25050
B              , population_size,              50,        12345,      18,         50,              50,         500,            0.9,          0.05,               3,       2,    2442.8325870995695,  836.649404645996 ,  4.010273744992446 ,                  25050
B              , population_size,              50,        12345,      19,         50,              50,         500,            0.9,          0.05,               3,       2,    2422.365318581409 ,  959.0965606594909,  3.938021516019944 ,                  25050
B              , population_size,              50,        12345,      20,         50,              50,         500,            0.9,          0.05,               3,       2,    2349.0728480164607, 1022.5774836970104,  4.202336579968687 ,                  25050
B              , population_size,              50,        12345,      21,         50,              50,         500,            0.9,          0.05,               3,       2,    2408.9117270663846,  964.5390249470055,  3.9289337520021945,                  25050
B              , population_size,              50,        12345,      22,         50,              50,         500,            0.9,          0.05,               3,       2,    2509.199326073348 , 1097.65391716542  ,  3.929353136976715 ,                  25050
B              , population_size,              50,        12345,      23,         50,              50,         500,            0.9,          0.05,               3,       2,    2388.244976036584 , 1124.10270120555  ,  3.9277523690252565,                  25050
B              , population_size,              50,        12345,      24,         50,              50,         500,            0.9,          0.05,               3,       2,    2506.4433351271773,  977.872328647646 ,  3.933561027981341 ,                  25050
B              , population_size,              50,        12345,      25,         50,              50,         500,            0.9,          0.05,               3,       2,    2419.894049422582 ,  962.747387591544 ,  3.9142916059936397,                  25050
B              , population_size,              50,        12345,      26,         50,              50,         500,            0.9,          0.05,               3,       2,    2475.4143693922474,  884.1663537016238,  3.949150867993012 ,                  25050
B              , population_size,              50,        12345,      27,         50,              50,         500,            0.9,          0.05,               3,       2,    2320.6467595943477, 1007.992232673135 ,  3.9400900210021064,                  25050
B              , population_size,              50,        12345,      28,         50,              50,         500,            0.9,          0.05,               3,       2,    2422.9478332287304, 1118.4392931364448,  4.057363048021216 ,                  25050
B              , population_size,              50,        12345,      29,         50,              50,         500,            0.9,          0.05,               3,       2,    2392.562384423472 ,  940.4443399521699,  3.9081579300109297,                  25050
B              , population_size,             100,        12345,       0,         50,             100,         500,            0.9,          0.05,               3,       2,    2297.8901778562213,  812.7352207298892,  8.512288779951632 ,                  50100
B              , population_size,             100,        12345,       1,         50,             100,         500,            0.9,          0.05,               3,       2,    2413.0667296043935,  741.429412271017 ,  7.913970118039288 ,                  50100
B              , population_size,             100,        12345,       2,         50,             100,         500,            0.9,          0.05,               3,       2,    2441.682705641725 ,  733.112421178017 ,  8.11849736602744  ,                  50100
B              , population_size,             100,        12345,       3,         50,             100,         500,            0.9,          0.05,               3,       2,    2103.5346943948143,  682.9755107061084,  7.938715114025399 ,                  50100
B              , population_size,             100,        12345,       4,         50,             100,         500,            0.9,          0.05,               3,       2,    2385.409428412951 ,  811.7275959917963,  7.958766501978971 ,                  50100
B              , population_size,             100,        12345,       5,         50,             100,         500,            0.9,          0.05,               3,       2,    2368.510441666123 ,  763.0693788774062,  7.914696301042568 ,                  50100
B              , population_size,             100,        12345,       6,         50,             100,         500,            0.9,          0.05,               3,       2,    2320.9462424196354,  826.6432796133483,  7.950494446035009 ,                  50100
B              , population_size,             100,        12345,       7,         50,             100,         500,            0.9,          0.05,               3,       2,    2231.3038066511112,  813.0341874291526,  7.903106550045777 ,                  50100
B              , population_size,             100,        12345,       8,         50,             100,         500,            0.9,          0.05,               3,       2,    2337.976932915278 ,  823.6705332660683,  7.902084823988844 ,                  50100
B              , population_size,             100,        12345,       9,         50,             100,         500,            0.9,          0.05,               3,       2,    2369.302216567302 ,  865.2590889272731,  8.076364754000679 ,                  50100
B              , population_size,             100,        12345,      10,         50,             100,         500,            0.9,          0.05,               3,       2,    2239.6599700785896,  776.2053909317785,  7.946814465976786 ,                  50100
B              , population_size,             100,        12345,      11,         50,             100,         500,            0.9,          0.05,               3,       2,    2419.140917621903 ,  828.0753190095957,  8.20701889495831  ,                  50100
B              , population_size,             100,        12345,      12,         50,             100,         500,            0.9,          0.05,               3,       2,    2362.7111288627325,  810.5724383443634,  7.912523694976699 ,                  50100
B              , population_size,             100,        12345,      13,         50,             100,         500,            0.9,          0.05,               3,       2,    2354.356341921954 ,  745.1032670593653,  7.961364023969509 ,                  50100
B              , population_size,             100,        12345,      14,         50,             100,         500,            0.9,          0.05,               3,       2,    2399.5083887204532,  843.4765828251158,  7.982890924962703 ,                  50100
B              , population_size,             100,        12345,      15,         50,             100,         500,            0.9,          0.05,               3,       2,    2353.3704384242433,  805.7180399217198,  7.956277046003379 ,                  50100
B              , population_size,             100,        12345,      16,         50,             100,         500,            0.9,          0.05,               3,       2,    2310.980039616743 ,  739.9515809896188,  7.925612969032954 ,                  50100
B              , population_size,             100,        12345,      17,         50,             100,         500,            0.9,          0.05,               3,       2,    2396.494971011818 ,  834.6145205823278,  8.048932890000287 ,                  50100
B              , population_size,             100,        12345,      18,         50,             100,         500,            0.9,          0.05,               3,       2,    2442.8325870995695,  821.8550151639547,  7.917492897016928 ,                  50100
B              , population_size,             100,        12345,      19,         50,             100,         500,            0.9,          0.05,               3,       2,    2259.080167041231 ,  927.4272601990532,  8.170839213998988 ,                  50100
B              , population_size,             100,        12345,      20,         50,             100,         500,            0.9,          0.05,               3,       2,    2275.866466511292 ,  845.2201123912744,  7.960939934011549 ,                  50100
B              , population_size,             100,        12345,      21,         50,             100,         500,            0.9,          0.05,               3,       2,    2408.9117270663846,  858.7794608514273,  7.9523653669748455,                  50100
B              , population_size,             100,        12345,      22,         50,             100,         500,            0.9,          0.05,               3,       2,    2315.3608966262113,  795.8789408570389,  8.270096656982787 ,                  50100
B              , population_size,             100,        12345,      23,         50,             100,         500,            0.9,          0.05,               3,       2,    2388.244976036584 ,  882.3569935983845,  8.382427071977872 ,                  50100
B              , population_size,             100,        12345,      24,         50,             100,         500,            0.9,          0.05,               3,       2,    2369.994201993434 ,  790.8250578099991,  8.349915091006551 ,                  50100
B              , population_size,             100,        12345,      25,         50,             100,         500,            0.9,          0.05,               3,       2,    2419.894049422582 ,  783.903242988108 ,  8.498849041992798 ,                  50100
B              , population_size,             100,        12345,      26,         50,             100,         500,            0.9,          0.05,               3,       2,    2338.4439440912133,  831.0116623183608,  8.31591737200506  ,                  50100
B              , population_size,             100,        12345,      27,         50,             100,         500,            0.9,          0.05,               3,       2,    2320.6467595943477,  756.5392815959232,  8.350791523989756 ,                  50100
B              , population_size,             100,        12345,      28,         50,             100,         500,            0.9,          0.05,               3,       2,    2422.9478332287304,  810.6468249014439,  8.936166915984359 ,                  50100
B              , population_size,             100,        12345,      29,         50,             100,         500,            0.9,          0.05,               3,       2,    2392.562384423472 ,  817.3356878119401,  8.638471359969117 ,                  50100
B              , population_size,             200,        12345,       0,         50,             200,         500,            0.9,          0.05,               3,       2,    2297.8901778562213,  750.1411318824602, 17.119530024996493 ,                 100200
B              , population_size,             200,        12345,       1,         50,             200,         500,            0.9,          0.05,               3,       2,    2323.3984722408527,  689.1878905161967, 16.694568934035487 ,                 100200
B              , population_size,             200,        12345,       2,         50,             200,         500,            0.9,          0.05,               3,       2,    2320.092018139589 ,  710.7682816591633, 16.993203268037178 ,                 100200
B              , population_size,             200,        12345,       3,         50,             200,         500,            0.9,          0.05,               3,       2,    2103.5346943948143,  728.1738807631385, 16.8413587550167   ,                 100200
B              , population_size,             200,        12345,       4,         50,             200,         500,            0.9,          0.05,               3,       2,    2337.956501025675 ,  703.2136935529729, 16.877823247981723 ,                 100200
B              , population_size,             200,        12345,       5,         50,             200,         500,            0.9,          0.05,               3,       2,    2368.510441666123 ,  772.1343142692684, 17.131706505955663 ,                 100200
B              , population_size,             200,        12345,       6,         50,             200,         500,            0.9,          0.05,               3,       2,    2320.9462424196354,  743.907513674642 , 16.949848598975223 ,                 100200
B              , population_size,             200,        12345,       7,         50,             200,         500,            0.9,          0.05,               3,       2,    2231.3038066511112,  668.3718226992969, 16.866653184057213 ,                 100200
B              , population_size,             200,        12345,       8,         50,             200,         500,            0.9,          0.05,               3,       2,    2314.5842196241124,  801.2760004682725, 18.127933511976153 ,                 100200
B              , population_size,             200,        12345,       9,         50,             200,         500,            0.9,          0.05,               3,       2,    2369.302216567302 ,  754.9691364480101, 16.921574439969845 ,                 100200
B              , population_size,             200,        12345,      10,         50,             200,         500,            0.9,          0.05,               3,       2,    2239.6599700785896,  709.0264449625192, 17.353238539013546 ,                 100200
B              , population_size,             200,        12345,      11,         50,             200,         500,            0.9,          0.05,               3,       2,    2361.2702183909523,  808.4540530477976, 17.183042283984832 ,                 100200
B              , population_size,             200,        12345,      12,         50,             200,         500,            0.9,          0.05,               3,       2,    2362.7111288627325,  714.555640629352 , 17.36203336797189  ,                 100200
B              , population_size,             200,        12345,      13,         50,             200,         500,            0.9,          0.05,               3,       2,    2301.091540567564 ,  782.723003803173 , 17.35629202896962  ,                 100200
B              , population_size,             200,        12345,      14,         50,             200,         500,            0.9,          0.05,               3,       2,    2399.0684054539315,  765.5939415028605, 17.133109997026622 ,                 100200
B              , population_size,             200,        12345,      15,         50,             200,         500,            0.9,          0.05,               3,       2,    2338.980195855888 ,  770.8804315088094, 24.115389586018864 ,                 100200
B              , population_size,             200,        12345,      16,         50,             200,         500,            0.9,          0.05,               3,       2,    2310.980039616743 ,  759.5098853717462, 27.906873665982857 ,                 100200
B              , population_size,             200,        12345,      17,         50,             200,         500,            0.9,          0.05,               3,       2,    2352.811493219247 ,  794.0665050399705, 21.60514488798799  ,                 100200
B              , population_size,             200,        12345,      18,         50,             200,         500,            0.9,          0.05,               3,       2,    2335.049375458475 ,  766.0705115998285, 21.85760869696969  ,                 100200
B              , population_size,             200,        12345,      19,         50,             200,         500,            0.9,          0.05,               3,       2,    2259.080167041231 ,  678.040165778793 , 22.79142814700026  ,                 100200
B              , population_size,             200,        12345,      20,         50,             200,         500,            0.9,          0.05,               3,       2,    2275.866466511292 ,  766.8295272345362, 18.32030073396163  ,                 100200
B              , population_size,             200,        12345,      21,         50,             200,         500,            0.9,          0.05,               3,       2,    2298.116990472942 ,  773.35995350313  , 16.312285283987876 ,                 100200
B              , population_size,             200,        12345,      22,         50,             200,         500,            0.9,          0.05,               3,       2,    2315.3608966262113,  749.182016104342 , 17.79516701598186  ,                 100200
B              , population_size,             200,        12345,      23,         50,             200,         500,            0.9,          0.05,               3,       2,    2388.244976036584 ,  764.87413521688  , 15.953832674014848 ,                 100200
B              , population_size,             200,        12345,      24,         50,             200,         500,            0.9,          0.05,               3,       2,    2307.1623328029605,  773.0011978536025, 18.622630611003842 ,                 100200
B              , population_size,             200,        12345,      25,         50,             200,         500,            0.9,          0.05,               3,       2,    2419.894049422582 ,  757.0677125074479, 16.59326177998446  ,                 100200
B              , population_size,             200,        12345,      26,         50,             200,         500,            0.9,          0.05,               3,       2,    2261.3218597558293,  818.6085958260361, 16.254297757986933 ,                 100200
B              , population_size,             200,        12345,      27,         50,             200,         500,            0.9,          0.05,               3,       2,    2183.0437266363865,  821.5537883212844, 16.383905677997973 ,                 100200
B              , population_size,             200,        12345,      28,         50,             200,         500,            0.9,          0.05,               3,       2,    2369.3785605621674,  708.1027236202775, 16.270860121003352 ,                 100200
B              , population_size,             200,        12345,      29,         50,             200,         500,            0.9,          0.05,               3,       2,    2365.347653625678 ,  808.8422369821262, 16.725106819998473 ,                 100200
B              , population_size,             500,        12345,       0,         50,             500,         500,            0.9,          0.05,               3,       2,    2268.4892383631773,  694.679756284219 , 41.10176646296168  ,                 250500
B              , population_size,             500,        12345,       1,         50,             500,         500,            0.9,          0.05,               3,       2,    2323.3984722408527,  730.7053482455055, 41.834568199003115 ,                 250500
B              , population_size,             500,        12345,       2,         50,             500,         500,            0.9,          0.05,               3,       2,    2265.3394661956395,  675.5249681294099, 42.08143466303591  ,                 250500
B              , population_size,             500,        12345,       3,         50,             500,         500,            0.9,          0.05,               3,       2,    2103.5346943948143,  738.1862746866726, 41.56249231600668  ,                 250500
B              , population_size,             500,        12345,       4,         50,             500,         500,            0.9,          0.05,               3,       2,    2260.281402679679 ,  699.19819961559  , 40.7323589809821   ,                 250500
B              , population_size,             500,        12345,       5,         50,             500,         500,            0.9,          0.05,               3,       2,    2333.3258046013566,  667.9983261542922, 41.460440121998545 ,                 250500
B              , population_size,             500,        12345,       6,         50,             500,         500,            0.9,          0.05,               3,       2,    2320.9462424196354,  684.7299030578428, 40.95373503596056  ,                 250500
B              , population_size,             500,        12345,       7,         50,             500,         500,            0.9,          0.05,               3,       2,    2231.3038066511112,  651.0321579287782, 41.41444165603025  ,                 250500
B              , population_size,             500,        12345,       8,         50,             500,         500,            0.9,          0.05,               3,       2,    2219.100743133209 ,  681.9695389904397, 41.1807854520157   ,                 250500
B              , population_size,             500,        12345,       9,         50,             500,         500,            0.9,          0.05,               3,       2,    2232.7185224140844,  676.2071630131805, 41.182534329011105 ,                 250500
B              , population_size,             500,        12345,      10,         50,             500,         500,            0.9,          0.05,               3,       2,    2239.6599700785896,  689.310531002369 , 40.82669079297921  ,                 250500
B              , population_size,             500,        12345,      11,         50,             500,         500,            0.9,          0.05,               3,       2,    2344.756525607908 ,  646.7963641028396, 41.440856061992235 ,                 250500
B              , population_size,             500,        12345,      12,         50,             500,         500,            0.9,          0.05,               3,       2,    2212.3026147908263,  706.188954532108 , 42.4498541179928   ,                 250500
B              , population_size,             500,        12345,      13,         50,             500,         500,            0.9,          0.05,               3,       2,    2301.091540567564 ,  636.6750866200797, 42.03958545497153  ,                 250500
B              , population_size,             500,        12345,      14,         50,             500,         500,            0.9,          0.05,               3,       2,    2399.0684054539315,  712.009509950181 , 42.23459885298507  ,                 250500
B              , population_size,             500,        12345,      15,         50,             500,         500,            0.9,          0.05,               3,       2,    2324.160394723924 ,  692.6853999178418, 42.479599446989596 ,                 250500
B              , population_size,             500,        12345,      16,         50,             500,         500,            0.9,          0.05,               3,       2,    2310.980039616743 ,  702.5096801168794, 41.9241029729601   ,                 250500
B              , population_size,             500,        12345,      17,         50,             500,         500,            0.9,          0.05,               3,       2,    2286.051684910021 ,  691.4071131394123, 42.35126477695303  ,                 250500
B              , population_size,             500,        12345,      18,         50,             500,         500,            0.9,          0.05,               3,       2,    2191.237174587154 ,  712.340611780025 , 42.29373472800944  ,                 250500
B              , population_size,             500,        12345,      19,         50,             500,         500,            0.9,          0.05,               3,       2,    2259.080167041231 ,  745.2662293546015, 42.43361965700751  ,                 250500
B              , population_size,             500,        12345,      20,         50,             500,         500,            0.9,          0.05,               3,       2,    2222.5697823070063,  689.1246419678638, 42.2158049439895   ,                 250500
B              , population_size,             500,        12345,      21,         50,             500,         500,            0.9,          0.05,               3,       2,    2257.977104090869 ,  714.7373544548732, 41.924785754003096 ,                 250500
B              , population_size,             500,        12345,      22,         50,             500,         500,            0.9,          0.05,               3,       2,    2315.3608966262113,  680.8469000744027, 42.032910727954004 ,                 250500
B              , population_size,             500,        12345,      23,         50,             500,         500,            0.9,          0.05,               3,       2,    2200.1998012413574,  703.3557677745101, 42.05181285797153  ,                 250500
B              , population_size,             500,        12345,      24,         50,             500,         500,            0.9,          0.05,               3,       2,    2181.9460889056654,  671.6410344829237, 41.83311746502295  ,                 250500
B              , population_size,             500,        12345,      25,         50,             500,         500,            0.9,          0.05,               3,       2,    2323.5563841801845,  686.7581975470454, 41.9953481220291   ,                 250500
B              , population_size,             500,        12345,      26,         50,             500,         500,            0.9,          0.05,               3,       2,    2261.3218597558293,  705.3610540174482, 42.597785425023176 ,                 250500
B              , population_size,             500,        12345,      27,         50,             500,         500,            0.9,          0.05,               3,       2,    2183.0437266363865,  696.3654231668233, 42.251298832008615 ,                 250500
B              , population_size,             500,        12345,      28,         50,             500,         500,            0.9,          0.05,               3,       2,    2326.478835340714 ,  715.0082766434489, 42.343808993988205 ,                 250500
B              , population_size,             500,        12345,      29,         50,             500,         500,            0.9,          0.05,               3,       2,    2365.347653625678 ,  678.3209523309317, 42.53321559500182  ,                 250500
B              , population_size,            1000,        12345,       0,         50,            1000,         500,            0.9,          0.05,               3,       2,    2268.4892383631773,  706.6125396495979, 85.49330995097989  ,                 501000
B              , population_size,            1000,        12345,       1,         50,            1000,         500,            0.9,          0.05,               3,       2,    2308.301500809229 ,  684.0082783236297, 85.30285278602969  ,                 501000
B              , population_size,            1000,        12345,       2,         50,            1000,         500,            0.9,          0.05,               3,       2,    2265.3394661956395,  629.3259701967484, 84.62075798597652  ,                 501000
B              , population_size,            1000,        12345,       3,         50,            1000,         500,            0.9,          0.05,               3,       2,    2103.5346943948143,  660.0278659583921, 85.05070203199284  ,                 501000
B              , population_size,            1000,        12345,       4,         50,            1000,         500,            0.9,          0.05,               3,       2,    2260.281402679679 ,  681.3186724391312, 85.28147745900787  ,                 501000
B              , population_size,            1000,        12345,       5,         50,            1000,         500,            0.9,          0.05,               3,       2,    2333.3258046013566,  631.3098379817551, 85.36186439101584  ,                 501000
B              , population_size,            1000,        12345,       6,         50,            1000,         500,            0.9,          0.05,               3,       2,    2296.104066625681 ,  653.6260864645885, 84.39095976599492  ,                 501000
B              , population_size,            1000,        12345,       7,         50,            1000,         500,            0.9,          0.05,               3,       2,    2231.3038066511112,  631.3098379817552, 84.61768667196156  ,                 501000
B              , population_size,            1000,        12345,       8,         50,            1000,         500,            0.9,          0.05,               3,       2,    2219.100743133209 ,  643.3771266094647, 84.3754485870013   ,                 501000
B              , population_size,            1000,        12345,       9,         50,            1000,         500,            0.9,          0.05,               3,       2,    2232.7185224140844,  697.8686365650924, 85.99493231199449  ,                 501000
B              , population_size,            1000,        12345,      10,         50,            1000,         500,            0.9,          0.05,               3,       2,    2157.1554443125106,  653.4367571059583, 85.36595264700009  ,                 501000
B              , population_size,            1000,        12345,      11,         50,            1000,         500,            0.9,          0.05,               3,       2,    2259.5874732462307,  636.5785955749927, 84.8224534119945   ,                 501000
B              , population_size,            1000,        12345,      12,         50,            1000,         500,            0.9,          0.05,               3,       2,    2212.3026147908263,  674.7145457252021, 84.42943928198656  ,                 501000
B              , population_size,            1000,        12345,      13,         50,            1000,         500,            0.9,          0.05,               3,       2,    2109.5146064436954,  642.4725794832934, 82.99905566999223  ,                 501000
B              , population_size,            1000,        12345,      14,         50,            1000,         500,            0.9,          0.05,               3,       2,    2381.465732736686 ,  677.1889543380464, 82.57270213903394  ,                 501000
B              , population_size,            1000,        12345,      15,         50,            1000,         500,            0.9,          0.05,               3,       2,    2246.4206262492444,  643.4179818875988, 84.86458426102763  ,                 501000
B              , population_size,            1000,        12345,      16,         50,            1000,         500,            0.9,          0.05,               3,       2,    2011.1436859465368,  694.910198960808 , 83.20076010003686  ,                 501000
B              , population_size,            1000,        12345,      17,         50,            1000,         500,            0.9,          0.05,               3,       2,    2286.051684910021 ,  660.3202296983911, 82.68087118701078  ,                 501000
B              , population_size,            1000,        12345,      18,         50,            1000,         500,            0.9,          0.05,               3,       2,    2191.237174587154 ,  667.4817898029437, 82.55770301597659  ,                 501000
B              , population_size,            1000,        12345,      19,         50,            1000,         500,            0.9,          0.05,               3,       2,    2259.080167041231 ,  633.0172996915662, 83.03621533099795  ,                 501000
B              , population_size,            1000,        12345,      20,         50,            1000,         500,            0.9,          0.05,               3,       2,    2222.5697823070063,  648.8544472154891, 82.2287454980542   ,                 501000
B              , population_size,            1000,        12345,      21,         50,            1000,         500,            0.9,          0.05,               3,       2,    2223.7889301534187,  627.7880330690843, 82.9274997280445   ,                 501000
B              , population_size,            1000,        12345,      22,         50,            1000,         500,            0.9,          0.05,               3,       2,    2248.9117591167055,  652.8923129199102, 89.71869476902066  ,                 501000
B              , population_size,            1000,        12345,      23,         50,            1000,         500,            0.9,          0.05,               3,       2,    2200.1998012413574,  673.0396971167336, 83.52276424400043  ,                 501000
B              , population_size,            1000,        12345,      24,         50,            1000,         500,            0.9,          0.05,               3,       2,    2181.9460889056654,  649.2721669181215, 81.77556759101572  ,                 501000
B              , population_size,            1000,        12345,      25,         50,            1000,         500,            0.9,          0.05,               3,       2,    2262.905230142479 ,  679.6939570225973, 84.6102949870401   ,                 501000
B              , population_size,            1000,        12345,      26,         50,            1000,         500,            0.9,          0.05,               3,       2,    2245.0998400856042,  644.998738194072 , 81.08868178800913  ,                 501000
B              , population_size,            1000,        12345,      27,         50,            1000,         500,            0.9,          0.05,               3,       2,    2049.689366489183 ,  649.524670145729 , 80.9135182009777   ,                 501000
B              , population_size,            1000,        12345,      28,         50,            1000,         500,            0.9,          0.05,               3,       2,    2326.478835340714 ,  681.0780695772589, 86.6641676449799   ,                 501000
B              , population_size,            1000,        12345,      29,         50,            1000,         500,            0.9,          0.05,               3,       2,    2319.857591049959 ,  657.5077424474357, 80.5858806159813   ,                 501000
